latitude,longitude,timestamp
25.029816,121.570045,1706938070838
25.029816,121.570045,1706938071000
25.029816,121.570053,1706938071369
25.029812,121.570053,1706938072120
25.02981,121.570061,1706938073127
25.02981,121.570061,1706938074125
25.02981,121.570061,1706938075114
25.029812,121.570061,1706938076088
25.029812,121.570061,1706938077120
25.029812,121.570061,1706938078219
25.029812,121.570061,1706938079209
25.02981,121.570061,1706938080208
25.02981,121.570061,1706938081224
25.029808,121.570061,1706938082236
25.029808,121.570061,1706938083233
25.029808,121.570061,1706938084222
25.02981,121.570061,1706938085222
25.02981,121.570061,1706938086231
25.029812,121.570061,1706938087189
25.02981,121.570061,1706938088263
25.02981,121.570061,1706938089222
25.02981,121.570061,1706938090238
25.02981,121.570053,1706938091235
25.02981,121.570053,1706938092226
25.02981,121.570053,1706938093303
25.02981,121.570053,1706938094225
25.02981,121.570053,1706938095236
25.02981,121.570053,1706938096237
25.02981,121.570053,1706938097233
25.02981,121.570053,1706938098205
25.02981,121.570053,1706938099236
25.02981,121.570053,1706938100251
25.02981,121.570053,1706938101333
25.02981,121.570053,1706938102332
25.02981,121.570053,1706938103338
25.02981,121.570053,1706938104330
25.02981,121.570053,1706938105331
25.02981,121.570053,1706938106325
25.02981,121.570053,1706938107349
25.02981,121.570053,1706938108334
25.02981,121.570053,1706938109301
25.02981,121.570053,1706938110379
25.02981,121.570053,1706938111348
25.02981,121.570053,1706938112341
25.02981,121.570053,1706938113337
25.02981,121.570053,1706938114345
25.02981,121.570053,1706938115328
25.02981,121.570053,1706938116355
25.02981,121.570053,1706938117342
25.02981,121.570053,1706938118342
25.02981,121.570053,1706938119335
25.02981,121.570053,1706938120359
25.02981,121.570053,1706938121438
25.02981,121.570053,1706938122438
25.02981,121.570053,1706938123422
25.02981,121.570053,1706938124443
25.02981,121.570053,1706938125457
25.02981,121.570053,1706938126443
25.02981,121.570053,1706938127452
25.02981,121.570053,1706938128453
25.02981,121.570053,1706938129438
25.02981,121.570053,1706938130462
25.02981,121.570053,1706938131439
25.02981,121.570053,1706938132466
25.02981,121.570053,1706938133451
25.02981,121.570053,1706938134417
25.02981,121.570053,1706938135437
25.02981,121.570053,1706938136451
25.02981,121.570061,1706938137442
25.02981,121.570061,1706938138459
25.02981,121.570061,1706938139443
25.02981,121.570053,1706938140562
25.02981,121.570053,1706938141564
25.02981,121.570053,1706938142557
25.02981,121.570061,1706938143553
25.02981,121.570061,1706938144556
25.02981,121.570061,1706938145557
25.02981,121.570061,1706938146552
25.02981,121.570061,1706938147533
25.02981,121.570061,1706938148548
25.02981,121.570053,1706938149564
25.02981,121.570053,1706938150543
25.02981,121.570053,1706938151571
25.029814,121.570053,1706938152552
25.029821,121.570053,1706938153558
25.029835,121.570053,1706938154549
25.029839,121.570053,1706938155555
25.02984,121.570045,1706938156562
25.029842,121.570045,1706938157573
25.029842,121.570045,1706938158621
25.029844,121.570045,1706938159599
25.029844,121.570045,1706938160671
25.029846,121.570038,1706938161664
25.029846,121.570038,1706938162631
25.029846,121.570038,1706938163638
25.029846,121.570038,1706938164646
25.029846,121.570038,1706938165636
25.02985,121.570038,1706938166643
25.02985,121.570038,1706938167629
25.029861,121.57003,1706938168641
25.029869,121.570023,1706938169658
25.029875,121.570007,1706938170627
25.029881,121.57,1706938171661
25.029884,121.57,1706938172717
25.02989,121.569992,1706938173660
25.029896,121.569984,1706938174655
25.029903,121.569984,1706938175670
25.029907,121.569969,1706938176771
25.029907,121.569969,1706938177775
25.029926,121.569954,1706938178761
25.029936,121.569954,1706938179782
25.029942,121.569954,1706938180761
25.029955,121.569962,1706938181759
25.029966,121.569962,1706938182724
25.029974,121.569962,1706938183753
25.029982,121.569962,1706938184752
25.029985,121.569962,1706938185763
25.029995,121.569969,1706938186759
25.029999,121.569969,1706938187772
25.030003,121.569977,1706938188772
25.030006,121.569969,1706938189769
25.03001,121.569969,1706938190768
25.030014,121.569962,1706938191772
25.030018,121.569962,1706938192772
25.03002,121.569962,1706938193769
25.030022,121.569954,1706938194956
25.030027,121.569954,1706938195882
25.030033,121.569946,1706938196839
25.030035,121.569946,1706938197866
25.030037,121.569939,1706938199120
25.030039,121.569939,1706938199875
25.030041,121.569939,1706938200874
25.030041,121.569939,1706938201873
25.030039,121.569939,1706938202883
25.030039,121.569939,1706938203880
25.030037,121.569946,1706938204878
25.030037,121.569946,1706938205877
25.030035,121.569946,1706938206876
25.030035,121.569946,1706938207870
25.030035,121.569946,1706938208882
25.030033,121.569946,1706938209848
25.030033,121.569946,1706938210891
25.030033,121.569946,1706938211972
25.030025,121.569946,1706938212980
25.030014,121.569954,1706938213972
25.030003,121.569954,1706938214993
25.029989,121.569962,1706938216009
25.02997,121.569962,1706938216982
25.029947,121.569962,1706938217978
25.029934,121.569962,1706938219024
25.029924,121.569977,1706938219995
25.029919,121.569984,1706938220967
25.029915,121.569992,1706938221991
25.029913,121.569992,1706938222994
25.029905,121.569992,1706938223996
25.029894,121.569984,1706938224989
25.029886,121.569984,1706938226037
25.029879,121.569984,1706938226986
25.029871,121.569984,1706938227986
25.029867,121.569984,1706938228991
25.029861,121.569984,1706938230120
25.029852,121.569984,1706938231112
25.029844,121.569992,1706938232065
25.029837,121.569992,1706938233205
25.029839,121.569992,1706938234074
25.02984,121.569992,1706938235099
25.02984,121.569992,1706938236132
25.029842,121.569992,1706938237111
25.029842,121.57,1706938238103
25.02984,121.57,1706938239101
25.029839,121.57,1706938240118
25.029839,121.57,1706938241096
25.029837,121.57,1706938242120
25.029839,121.57,1706938243104
25.029839,121.57,1706938244067
25.029839,121.57,1706938245132
25.029839,121.57,1706938246105
25.02984,121.570007,1706938247191
25.02984,121.570007,1706938248211
25.02984,121.570007,1706938249203
25.02984,121.570007,1706938250257
25.029839,121.570007,1706938251207
25.029839,121.570007,1706938252202
25.029839,121.570007,1706938253210
25.029839,121.570007,1706938254222
25.029839,121.570007,1706938255315
25.029839,121.570007,1706938256184
25.029839,121.570007,1706938257225
25.029839,121.570007,1706938258228
25.029839,121.570007,1706938259212
25.029839,121.570007,1706938260221
25.029839,121.570007,1706938261268
25.029839,121.570007,1706938262242
25.029839,121.570007,1706938263236
25.029839,121.570007,1706938264231
25.029839,121.570007,1706938265339
25.029839,121.570007,1706938266333
25.029839,121.570007,1706938267309
25.029839,121.570007,1706938268348
25.029839,121.570007,1706938269345
25.029839,121.570007,1706938270341
25.029839,121.570007,1706938271352
25.029839,121.570007,1706938272335
25.029839,121.570007,1706938273345
25.029839,121.570007,1706938274344
25.029839,121.570007,1706938275334
25.029839,121.570007,1706938276346
25.029839,121.570007,1706938277354
25.029839,121.570015,1706938278429
25.02984,121.570023,1706938279334
25.02984,121.570023,1706938280332
25.02984,121.570023,1706938281345
25.029839,121.570023,1706938282332
25.029839,121.570023,1706938283461
25.029837,121.570015,1706938284442
25.029839,121.570015,1706938285452
25.02984,121.570015,1706938286487
25.029844,121.570007,1706938287433
25.029846,121.570007,1706938288433
25.029846,121.570007,1706938289421
25.029848,121.570007,1706938290453
25.029848,121.570007,1706938291439
25.02985,121.570015,1706938292467
25.029854,121.570015,1706938293468
25.029852,121.570015,1706938294451
25.02985,121.570023,1706938295434
25.029848,121.570023,1706938296464
25.029848,121.570023,1706938297521
25.029846,121.570023,1706938298543
25.029846,121.57003,1706938299562
25.029846,121.57003,1706938300538
25.029848,121.57003,1706938301551
25.029848,121.57003,1706938302548
25.029856,121.57003,1706938303548
25.029865,121.57003,1706938304557
25.029873,121.57003,1706938305564
25.029879,121.57003,1706938306523
25.029882,121.57003,1706938307541
25.029882,121.57003,1706938308558
25.029882,121.57003,1706938309548
25.029886,121.570023,1706938310609
25.029894,121.570023,1706938311547
25.0299,121.570007,1706938312561
25.0299,121.57,1706938313563
25.029902,121.569992,1706938314574
25.029902,121.569977,1706938315666
25.029905,121.569977,1706938316646
25.029909,121.569969,1706938317657
25.029917,121.569962,1706938318660
25.029932,121.569962,1706938319737
25.029932,121.569962,1706938320661
25.029943,121.569962,1706938321655
25.029964,121.569954,1706938322638
25.029976,121.569946,1706938323668
25.029985,121.569946,1706938324667
25.029997,121.569939,1706938325665
25.029999,121.569931,1706938326746
25.029989,121.569923,1706938327653
25.02998,121.569923,1706938328660
25.029976,121.569931,1706938329646
25.029974,121.569939,1706938330654
25.029972,121.569939,1706938331750
25.02997,121.569946,1706938332781
25.029976,121.569946,1706938333722
25.029982,121.569939,1706938334784
25.029987,121.569946,1706938335752
25.029993,121.569946,1706938336750
25.029993,121.569946,1706938337767
25.030003,121.569946,1706938338757
25.030001,121.569939,1706938339753
25.030001,121.569939,1706938340749
25.030001,121.569939,1706938341757
25.030001,121.569939,1706938342750
25.029999,121.569939,1706938343754
25.029999,121.569939,1706938344740
25.029997,121.569939,1706938345729
25.029993,121.569939,1706938346776
25.029993,121.569931,1706938347752
25.029993,121.569931,1706938348762
25.029997,121.569931,1706938349794
25.030001,121.569923,1706938350783
25.030003,121.569923,1706938351900
25.030006,121.569923,1706938352870
25.030014,121.569931,1706938353866
25.03002,121.569939,1706938354866
25.03002,121.569939,1706938355868
25.03002,121.569946,1706938356853
25.03002,121.569954,1706938357873
25.030018,121.569954,1706938358875
25.030018,121.569962,1706938359867
25.030018,121.569954,1706938360882
25.030018,121.569962,1706938361871
25.030018,121.569962,1706938362864
25.030018,121.569954,1706938363868
25.030018,121.569954,1706938364871
25.030018,121.569954,1706938365863
25.030012,121.569954,1706938366879
25.030006,121.569962,1706938367869
25.029999,121.569962,1706938368924
25.029993,121.569969,1706938369982
25.029987,121.569977,1706938370972
25.029984,121.569984,1706938371967
25.029984,121.569992,1706938372975
25.029982,121.569992,1706938373986
25.02998,121.569992,1706938374967
25.02998,121.569992,1706938375952
25.029985,121.569992,1706938376980
25.029993,121.569992,1706938377962
25.030005,121.569992,1706938378968
25.03001,121.57,1706938379974
25.030012,121.570007,1706938380930
25.030018,121.570015,1706938381970
25.030022,121.570023,1706938382963
25.030027,121.570023,1706938383967
25.030033,121.570023,1706938384963
25.030035,121.570023,1706938385963
25.030039,121.570015,1706938386977
25.030039,121.570015,1706938388070
25.030045,121.570023,1706938389083
25.030052,121.570023,1706938390071
25.030054,121.570023,1706938391077
25.030056,121.570023,1706938392041
25.030056,121.570023,1706938393044
25.030056,121.570023,1706938394077
25.030058,121.570023,1706938395078
25.030058,121.570023,1706938396081
25.030062,121.570023,1706938397076
25.030066,121.57003,1706938398081
25.030064,121.570038,1706938399087
25.030062,121.570045,1706938400076
25.030062,121.570053,1706938401084
25.03006,121.570061,1706938402016
25.030062,121.570061,1706938403060
25.030064,121.570068,1706938404083
25.030062,121.570076,1706938405079
25.030064,121.570076,1706938406070
25.030066,121.570068,1706938407089
25.030067,121.570068,1706938408212
25.030069,121.570068,1706938409179
25.030071,121.570068,1706938410185
25.030075,121.570061,1706938411206
25.030079,121.570061,1706938412194
25.030079,121.570061,1706938413175
25.030079,121.570061,1706938414179
25.030077,121.570061,1706938415140
25.030073,121.570068,1706938416199
25.030071,121.570068,1706938417182
25.030069,121.570068,1706938418191
25.030069,121.570068,1706938419192
25.030067,121.570068,1706938420181
25.030067,121.570068,1706938421183
25.030067,121.570068,1706938422184
25.030067,121.570068,1706938423198
25.030067,121.570068,1706938424187
25.030067,121.570068,1706938425191
25.030067,121.570068,1706938426252
25.030067,121.570068,1706938427281
25.030067,121.570068,1706938428283
25.030067,121.570068,1706938429279
25.030066,121.570068,1706938430288
25.030067,121.570076,1706938431293
25.030069,121.570084,1706938432285
25.030067,121.570091,1706938433316
25.030069,121.570099,1706938434281
25.030069,121.570107,1706938435299
25.030069,121.570114,1706938436277
25.030067,121.570122,1706938437351
25.03006,121.570137,1706938438303
25.03006,121.570145,1706938439299
25.030062,121.570152,1706938440259
25.030062,121.570152,1706938441299
25.030067,121.57016,1706938442288
25.030071,121.570168,1706938443387
25.030079,121.570168,1706938444563
25.030087,121.570175,1706938445390
25.03009,121.570175,1706938446391
25.030096,121.570175,1706938447400
25.030104,121.570183,1706938448402
25.030115,121.570183,1706938449451
25.030123,121.57019,1706938450390
25.030128,121.570198,1706938451414
25.030132,121.570206,1706938452373
25.030128,121.570206,1706938453414
25.030125,121.570213,1706938454393
25.030125,121.570221,1706938455407
25.030127,121.570221,1706938456404
25.030123,121.570221,1706938457401
25.030123,121.570213,1706938458414
25.030123,121.570213,1706938459401
25.030123,121.570213,1706938460701
25.030119,121.570213,1706938461503
25.030117,121.570221,1706938462515
25.030117,121.570221,1706938463509
25.030121,121.570229,1706938464433
25.030125,121.570229,1706938465516
25.030123,121.570236,1706938466533
25.030127,121.570244,1706938467504
25.030127,121.570244,1706938468541
25.030127,121.570251,1706938469509
25.030125,121.570244,1706938470508
25.030125,121.570244,1706938471507
25.03013,121.570251,1706938472501
25.030134,121.570251,1706938473482
25.030136,121.570244,1706938474502
25.030136,121.570244,1706938475468
25.030138,121.570244,1706938476553
25.030146,121.570244,1706938477560
25.030167,121.570251,1706938478520
25.030178,121.570251,1706938479512
25.030186,121.570259,1706938480619
25.03019,121.570259,1706938481626
25.030191,121.570259,1706938482606
25.030191,121.570259,1706938483615
25.030193,121.570259,1706938484616
25.030197,121.570259,1706938485606
25.030205,121.570259,1706938486580
25.030212,121.570267,1706938487594
25.030218,121.570267,1706938488613
25.030224,121.570267,1706938489606
25.03023,121.570267,1706938490605
25.03023,121.570267,1706938491595
25.030235,121.570259,1706938492607
25.030241,121.570259,1706938493597
25.030251,121.570259,1706938494613
25.030256,121.570259,1706938495623
25.030262,121.570267,1706938496729
25.03027,121.570267,1706938497719
25.030275,121.570274,1706938498691
25.030283,121.570274,1706938499708
25.030287,121.570282,1706938500717
25.030285,121.570282,1706938501716
25.030285,121.570282,1706938502713
25.030285,121.57029,1706938503708
25.030287,121.57029,1706938504705
25.030289,121.57029,1706938505699
25.030291,121.57029,1706938506766
25.030291,121.57029,1706938507724
25.0303,121.570282,1706938508707
25.0303,121.570282,1706938509699
25.030302,121.570282,1706938510720
25.030306,121.570282,1706938511744
25.030306,121.570282,1706938512716
25.030312,121.570282,1706938513717
25.030315,121.570274,1706938514708
25.030321,121.570274,1706938515821
25.030327,121.570274,1706938516821
25.030334,121.570274,1706938517833
25.030342,121.570274,1706938518808
25.030348,121.570274,1706938519826
25.030355,121.570274,1706938520765
25.030363,121.570267,1706938521795
25.030371,121.570267,1706938522821
25.030376,121.570267,1706938523824
25.03038,121.570274,1706938524801
25.030382,121.570274,1706938525819
25.030384,121.570274,1706938526820
25.030386,121.570274,1706938527832
25.030388,121.570274,1706938528831
25.030388,121.570274,1706938529824
25.03039,121.570274,1706938530833
25.03039,121.570267,1706938531938
25.030392,121.570267,1706938532926
25.030394,121.570267,1706938533875
25.030394,121.570267,1706938535129
25.030396,121.570267,1706938535921
25.030397,121.570267,1706938536940
25.030397,121.570267,1706938537923
25.030397,121.570267,1706938538906
25.030405,121.570274,1706938539935
25.030413,121.570282,1706938540910
25.030413,121.57029,1706938541940
25.030413,121.570297,1706938542920
25.030411,121.570297,1706938543931
25.030411,121.570297,1706938544880
25.030409,121.570297,1706938545918
25.030407,121.570312,1706938546918
25.030405,121.570312,1706938547924
25.030405,121.57032,1706938548929
25.030405,121.57032,1706938549927
25.030403,121.57032,1706938550926
25.030401,121.570312,1706938551926
25.030403,121.570312,1706938553025
25.030403,121.570312,1706938554033
25.030405,121.570312,1706938555027
25.030405,121.570305,1706938555979
25.030405,121.570305,1706938557020
25.030405,121.570305,1706938558015
25.030405,121.570305,1706938559048
25.030407,121.570305,1706938560026
25.030407,121.570305,1706938561025
25.030407,121.570305,1706938562026
25.030407,121.570305,1706938563040
25.030407,121.570305,1706938564032
25.030407,121.570305,1706938565049
25.030407,121.570305,1706938566028
25.030407,121.570305,1706938566989
25.030407,121.570305,1706938568037
25.030407,121.570305,1706938569020
25.030407,121.570305,1706938570024
25.030407,121.570305,1706938571023
25.030407,121.570297,1706938572024
25.030407,121.570297,1706938573029
25.030407,121.570297,1706938574131
25.030407,121.570297,1706938575119
25.030407,121.570297,1706938576134
25.030407,121.570297,1706938577144
25.030407,121.570297,1706938578087
25.030407,121.570297,1706938579144
25.030407,121.570297,1706938580131
25.030407,121.570297,1706938581135
25.030409,121.570297,1706938582131
25.030409,121.570297,1706938583137
25.030409,121.570297,1706938584125
25.030409,121.570297,1706938585144
25.030409,121.570297,1706938586129
25.030409,121.570297,1706938587137
25.030409,121.570297,1706938588139
25.030409,121.570297,1706938589147
25.030409,121.570297,1706938590126
25.030409,121.570297,1706938591244
25.030409,121.570297,1706938592237
25.030409,121.570297,1706938593221
25.030409,121.570297,1706938594226
25.030409,121.570297,1706938595226
25.030409,121.570297,1706938596246
25.030409,121.570297,1706938597236
25.030409,121.570297,1706938598244
25.030409,121.570297,1706938599225
25.030409,121.570297,1706938600236
25.030409,121.570297,1706938601241
25.030409,121.570297,1706938602203
25.030409,121.570297,1706938603241
25.030409,121.570297,1706938604243
25.030409,121.570297,1706938605232
25.030409,121.570297,1706938606275
25.030409,121.570297,1706938607230
25.030409,121.570297,1706938608228
25.030409,121.570297,1706938609254
25.030411,121.570297,1706938610253
25.030411,121.570297,1706938611235
25.030411,121.570297,1706938612342
25.030411,121.570297,1706938613333
25.030411,121.570297,1706938614328
25.030411,121.570297,1706938615338
25.030411,121.570297,1706938616311
25.030411,121.570297,1706938617354
25.030411,121.570297,1706938618352
25.030411,121.570297,1706938619346
25.030411,121.570305,1706938620334
25.030411,121.570305,1706938621352
25.030411,121.570305,1706938622354
25.030411,121.570305,1706938623339
25.030411,121.570305,1706938624352
25.030411,121.570305,1706938625339
25.030413,121.570305,1706938626335
25.030413,121.570305,1706938627325
25.030413,121.570305,1706938628342
25.030413,121.570305,1706938629334
25.030413,121.570305,1706938630350
25.030413,121.570305,1706938631354
25.030413,121.570305,1706938632334
25.030413,121.570305,1706938633450
25.030413,121.570305,1706938634451
25.030413,121.570305,1706938635431
25.030413,121.570305,1706938636443
25.030413,121.570305,1706938637451
25.030413,121.570305,1706938638407
25.030413,121.570305,1706938639448
25.030413,121.570305,1706938640433
25.030413,121.570305,1706938641448
25.030413,121.570305,1706938642470
25.030413,121.570305,1706938643448
25.030413,121.570305,1706938644453
25.030413,121.570305,1706938645450
25.030413,121.570305,1706938646454
25.030413,121.570305,1706938647462
25.030413,121.570305,1706938648448
25.030413,121.570305,1706938649452
25.030413,121.570305,1706938650422
25.030413,121.570305,1706938651461
25.030413,121.570305,1706938652550
25.030413,121.570305,1706938653540
25.030413,121.570305,1706938654552
25.030413,121.570305,1706938655552
25.030413,121.570305,1706938656555
25.030413,121.570305,1706938657550
25.030413,121.570305,1706938658552
25.030413,121.570305,1706938659570
25.030413,121.570305,1706938660553
25.030413,121.570305,1706938661535
25.030413,121.570305,1706938662557
25.030413,121.570305,1706938663552
25.030413,121.570305,1706938664560
25.030413,121.570305,1706938665556
25.030413,121.570305,1706938666567
25.030413,121.570305,1706938667559
25.030415,121.570297,1706938668546
25.030415,121.57029,1706938669569
25.030415,121.570282,1706938670575
25.030415,121.570282,1706938671584
25.030415,121.570282,1706938672510
25.030415,121.570274,1706938673565
25.030413,121.570267,1706938674670
25.030411,121.570267,1706938675668
25.030409,121.570259,1706938676653
25.030407,121.570259,1706938677698
25.030411,121.570259,1706938678653
25.030415,121.570259,1706938679653
25.030418,121.570259,1706938680662
25.030424,121.570267,1706938681665
25.030424,121.570267,1706938682673
25.03043,121.570267,1706938683678
25.030432,121.570267,1706938684635
25.030436,121.570267,1706938685663
25.030436,121.570267,1706938686661
25.030437,121.570267,1706938687661
25.030437,121.570267,1706938688653
25.030437,121.570267,1706938689669
25.030437,121.570267,1706938690672
25.030437,121.570267,1706938691659
25.030437,121.570267,1706938692709
25.030443,121.570274,1706938693770
25.030447,121.570274,1706938694771
25.030453,121.570274,1706938695876
25.030455,121.570282,1706938696737
25.030457,121.570282,1706938697764
25.030457,121.570282,1706938698755
25.030457,121.570282,1706938699770
25.030457,121.570282,1706938700773
25.030458,121.570282,1706938701768
25.03046,121.570282,1706938702765
25.030462,121.570282,1706938703780
25.030466,121.570282,1706938704767
25.03047,121.570282,1706938705757
25.030476,121.570282,1706938706725
25.030478,121.57029,1706938707811
25.030478,121.57029,1706938708756
25.030478,121.57029,1706938709764
25.030478,121.57029,1706938710761
25.030478,121.57029,1706938711767
25.030478,121.57029,1706938712774
25.030476,121.570297,1706938713877
25.030472,121.570297,1706938714887
25.030474,121.570297,1706938715914
25.030472,121.570297,1706938716894
25.030472,121.570297,1706938717886
25.030476,121.570297,1706938718852
25.030479,121.570297,1706938719880
25.030483,121.570305,1706938720878
25.030491,121.570305,1706938721873
25.030499,121.570297,1706938722873
25.030504,121.570297,1706938723888
25.03051,121.570297,1706938724888
25.030516,121.570297,1706938725883
25.030521,121.570297,1706938726871
25.030529,121.570305,1706938727874
25.030535,121.570305,1706938728886
25.03054,121.570312,1706938729849
25.030546,121.570312,1706938730913
25.030552,121.570312,1706938731979
25.030558,121.57032,1706938732993
25.030563,121.57032,1706938733983
25.030573,121.570328,1706938734990
25.030582,121.570328,1706938735975
25.030588,121.570335,1706938737000
25.030596,121.570335,1706938737985
25.030607,121.570343,1706938738975
25.030617,121.570343,1706938739978
25.030628,121.570351,1706938740984
25.030634,121.570358,1706938741965
25.030634,121.570358,1706938742988
25.030636,121.570358,1706938743988
25.03064,121.570358,1706938744979
25.030645,121.570366,1706938745988
25.030651,121.570366,1706938746976
25.030655,121.570374,1706938747995
25.030659,121.570374,1706938749095
25.030664,121.570381,1706938750090
25.03067,121.570381,1706938751077
25.030676,121.570381,1706938752083
25.03068,121.570389,1706938753081
25.030685,121.570389,1706938754085
25.030691,121.570389,1706938755056
25.030697,121.570389,1706938756090
25.030704,121.570396,1706938757095
25.030714,121.570396,1706938758093
25.03072,121.570404,1706938759111
25.030725,121.570404,1706938760091
25.030733,121.570404,1706938761100
25.030741,121.570404,1706938762094
25.030746,121.570404,1706938763104
25.030754,121.570404,1706938764094
25.030762,121.570404,1706938765094
25.030767,121.570404,1706938766166
25.030775,121.570404,1706938767201
25.030785,121.570404,1706938768192
25.030792,121.570404,1706938769323
25.0308,121.570404,1706938770202
25.030807,121.570404,1706938771212
25.030813,121.570396,1706938772203
25.030819,121.570389,1706938773263
25.030827,121.570389,1706938774193
25.030832,121.570381,1706938775195
25.03084,121.570381,1706938776191
25.030848,121.570381,1706938777135
25.030853,121.570381,1706938778195
25.030859,121.570381,1706938779175
25.030863,121.570381,1706938780257
25.030867,121.570389,1706938781155
25.03087,121.570381,1706938782156
25.030876,121.570374,1706938783185
25.030882,121.570366,1706938784279
25.030888,121.570358,1706938785265
25.030899,121.570358,1706938786285
25.03091,121.570351,1706938787250
25.030918,121.570351,1706938788335
25.030924,121.570343,1706938789312
25.030931,121.570335,1706938790305
25.030937,121.570328,1706938791299
25.030945,121.570328,1706938792294
25.030951,121.57032,1706938793378
25.030954,121.570312,1706938794322
25.030954,121.570312,1706938795304
25.030954,121.570305,1706938796301
25.030956,121.570297,1706938797294
25.03096,121.57029,1706938798291
25.030964,121.570282,1706938799298
25.030964,121.570274,1706938800310
25.030966,121.570274,1706938801400
25.030968,121.570267,1706938802413
25.030972,121.570259,1706938803409
25.030975,121.570259,1706938804398
25.030977,121.570251,1706938805403
25.030981,121.570244,1706938806406
25.030985,121.570236,1706938807416
25.030987,121.570229,1706938808392
25.030987,121.570221,1706938809405
25.030991,121.570213,1706938810402
25.030993,121.570206,1706938811407
25.030994,121.570206,1706938812370
25.030998,121.570198,1706938813410
25.030996,121.570198,1706938814418
25.030994,121.57019,1706938815408
25.030994,121.57019,1706938816410
25.030993,121.570183,1706938817409
25.030991,121.570183,1706938818396
25.030989,121.570175,1706938819508
25.030987,121.570168,1706938820506
25.030987,121.57016,1706938821516
25.030987,121.57016,1706938822511
25.030985,121.570145,1706938823512
25.030985,121.570137,1706938824496
25.030985,121.570122,1706938825515
25.030983,121.570114,1706938826517
25.030981,121.570107,1706938827540
25.030977,121.570099,1706938828506
25.030972,121.570099,1706938829521
25.030972,121.570099,1706938830510
25.030966,121.570084,1706938831542
25.03096,121.570076,1706938832511
25.030954,121.570061,1706938833513
25.030949,121.570053,1706938834518
25.030945,121.570045,1706938835606
25.030941,121.570038,1706938836580
25.030941,121.570038,1706938837607
25.030937,121.570038,1706938838617
25.030933,121.570038,1706938839614
25.030924,121.570038,1706938840617
25.030918,121.570038,1706938841614
25.030912,121.57003,1706938842618
25.03091,121.570023,1706938843624
25.030905,121.570023,1706938844613
25.030897,121.570015,1706938845602
25.030897,121.570015,1706938846604
25.03089,121.570007,1706938847608
25.030874,121.570007,1706938848560
25.030867,121.570007,1706938849603
25.030861,121.570007,1706938850616
25.030853,121.570015,1706938851614
25.030842,121.570015,1706938852702
25.030832,121.570015,1706938853679
25.030823,121.570015,1706938854669
25.030819,121.570015,1706938855704
25.030813,121.570015,1706938856686
25.030813,121.570015,1706938857682
25.030811,121.570015,1706938858730
25.030813,121.570007,1706938859775
25.030819,121.570007,1706938860687
25.030823,121.570007,1706938861725
25.030825,121.570007,1706938862718
25.030825,121.570007,1706938863716
25.030827,121.570007,1706938864720
25.030828,121.570007,1706938865722
25.03083,121.57,1706938866721
25.030832,121.57,1706938867718
25.030838,121.569992,1706938868725
25.030846,121.569984,1706938869728
25.030851,121.569969,1706938870721
25.030857,121.569962,1706938871819
25.030865,121.569954,1706938872825
25.030872,121.569939,1706938873809
25.030878,121.569931,1706938874827
25.030886,121.569916,1706938875813
25.030893,121.569908,1706938876827
25.030901,121.569901,1706938877829
25.030905,121.569893,1706938878824
25.030909,121.569893,1706938879825
25.030914,121.569885,1706938880824
25.030918,121.569885,1706938881835
25.030918,121.569885,1706938882822
25.030912,121.569885,1706938883832
25.030909,121.569893,1706938884821
25.030903,121.569901,1706938885829
25.030899,121.569908,1706938886785
25.030901,121.569916,1706938887914
25.030903,121.569923,1706938888923
25.030897,121.569931,1706938889922
25.030891,121.569939,1706938890926
25.030884,121.569946,1706938891913
25.030876,121.569954,1706938892924
25.030869,121.569962,1706938893918
25.030861,121.569969,1706938894915
25.030855,121.569977,1706938895952
25.030848,121.569984,1706938896929
25.03084,121.57,1706938897918
25.030834,121.570007,1706938898907
25.030832,121.570007,1706938899914
25.03083,121.570015,1706938900919
25.030827,121.570023,1706938901929
25.030821,121.570023,1706938902943
25.030813,121.57003,1706938903927
25.030807,121.57003,1706938904924
25.030802,121.57003,1706938905991
25.0308,121.570038,1706938907028
25.030802,121.570038,1706938908030
25.030804,121.570038,1706938909024
25.0308,121.570038,1706938910016
25.030796,121.570038,1706938911121
25.030788,121.570045,1706938912024
25.030783,121.570053,1706938913056
25.030775,121.570061,1706938914044
25.030769,121.570068,1706938915031
25.030766,121.570068,1706938915987
25.03076,121.570076,1706938917034
25.030754,121.570084,1706938918032
25.030746,121.570091,1706938919032
25.030737,121.570091,1706938920043
25.030731,121.570091,1706938921039
25.030727,121.570091,1706938922013
25.030725,121.570091,1706938923026
25.03072,121.570091,1706938924326
25.030712,121.570091,1706938925124
25.030703,121.570091,1706938926155
25.030693,121.570084,1706938927190
25.030687,121.570076,1706938928145
25.030678,121.570076,1706938929131
25.030676,121.570068,1706938930145
25.030676,121.570068,1706938931136
25.030678,121.570068,1706938932083
25.030678,121.570076,1706938933234
25.03068,121.570076,1706938934137
25.030676,121.570068,1706938935112
25.030668,121.570061,1706938936111
25.030663,121.570053,1706938937101
25.030657,121.570053,1706938938141
25.030649,121.570045,1706938939133
25.030642,121.570045,1706938940154
25.030636,121.570038,1706938941145
25.030634,121.570038,1706938942243
25.030632,121.57003,1706938943239
25.030628,121.570023,1706938944243
25.030624,121.570015,1706938945256
25.030619,121.570007,1706938946250
25.030613,121.57,1706938947208
25.030605,121.569992,1706938948237
25.0306,121.569992,1706938949244
25.030596,121.569984,1706938950245
25.030592,121.569984,1706938951258
25.030586,121.569977,1706938952237
25.030579,121.569977,1706938953236
25.030573,121.569969,1706938954237
25.030569,121.569962,1706938955237
25.030563,121.569962,1706938956253
25.03056,121.569954,1706938957342
25.030556,121.569954,1706938958337
25.030548,121.569954,1706938959317
25.03054,121.569954,1706938960347
25.030535,121.569954,1706938961340
25.030527,121.569954,1706938962319
25.030519,121.569962,1706938963324
25.030514,121.569954,1706938964323
25.030508,121.569954,1706938965346
25.030504,121.569954,1706938966347
25.0305,121.569954,1706938967352
25.030495,121.569946,1706938968357
25.030487,121.569946,1706938969347
25.030479,121.569939,1706938970346
25.03047,121.569939,1706938971317
25.03046,121.569946,1706938972348
25.030453,121.569946,1706938973461
25.030445,121.569954,1706938974445
25.030445,121.569954,1706938975457
25.030445,121.569954,1706938976454
25.030445,121.569954,1706938977440
25.03043,121.569962,1706938978449
25.030413,121.569969,1706938979451
25.030397,121.569977,1706938980440
25.030392,121.569977,1706938981449
25.030386,121.569977,1706938982425
25.03038,121.569984,1706938983447
25.030376,121.569984,1706938984446
25.030371,121.569992,1706938985453
25.030365,121.569992,1706938986452
25.030359,121.569992,1706938987423
25.030354,121.569992,1706938988459
25.030352,121.569984,1706938989458
25.030352,121.569984,1706938990552
25.030354,121.569984,1706938991554
25.03035,121.569984,1706938992562
25.030346,121.569977,1706938993565
25.030338,121.569977,1706938994564
25.030333,121.569977,1706938995572
25.030325,121.569969,1706938996552
25.030317,121.569969,1706938997494
25.03031,121.569962,1706938998543
25.030302,121.569962,1706938999570
25.030293,121.569962,1706939000550
25.030287,121.569962,1706939001571
25.030283,121.569962,1706939002554
25.030275,121.569969,1706939003548
25.030268,121.569977,1706939004571
25.03026,121.569984,1706939005554
25.030252,121.569992,1706939006558
25.030252,121.569992,1706939007671
25.030245,121.57,1706939008677
25.030239,121.570007,1706939009628
25.030228,121.570023,1706939010675
25.030226,121.57003,1706939011666
25.03023,121.570038,1706939012657
25.03023,121.570038,1706939013663
25.030231,121.570045,1706939014660
25.030231,121.570045,1706939015653
25.030231,121.570045,1706939016649
25.030231,121.570045,1706939017658
25.030231,121.570045,1706939018658
25.030231,121.570045,1706939019708
25.03023,121.570038,1706939020630
25.03023,121.570038,1706939021652
25.030228,121.570038,1706939022650
25.030226,121.570038,1706939023657
25.030226,121.570038,1706939024667
25.030224,121.570038,1706939025655
25.030222,121.57003,1706939026767
25.030222,121.57003,1706939027775
25.03022,121.57003,1706939028768
25.030218,121.57003,1706939029763
25.030218,121.57003,1706939030760
25.030216,121.57003,1706939031773
25.030216,121.57003,1706939032763
25.030216,121.57003,1706939033734
25.030214,121.57003,1706939034757
25.030214,121.570038,1706939035773
25.030212,121.570038,1706939036773
25.03021,121.570038,1706939037777
25.030209,121.570038,1706939038755
25.030209,121.570038,1706939039758
25.030205,121.570038,1706939040756
25.030199,121.570038,1706939041757
25.030203,121.570038,1706939042781
25.030203,121.570038,1706939043769
25.030201,121.570038,1706939044765
25.030197,121.570038,1706939045768
25.030197,121.570045,1706939046730
25.030191,121.570045,1706939047770
25.03019,121.570045,1706939048878
25.030184,121.570038,1706939049861
25.030182,121.570045,1706939050875
25.030182,121.570053,1706939051872
25.03018,121.570053,1706939052874
25.030178,121.570061,1706939053879
25.030176,121.570068,1706939054869
25.030176,121.570068,1706939055871
25.030176,121.570068,1706939056860
25.030176,121.570068,1706939057879
25.030174,121.570068,1706939058839
25.030174,121.570068,1706939059875
25.030176,121.570068,1706939060879
25.030176,121.570068,1706939061875
25.030176,121.570068,1706939062873
25.030176,121.570068,1706939063877
25.030174,121.570068,1706939064883
25.030172,121.570068,1706939065976
25.030167,121.570068,1706939066969
25.030159,121.570068,1706939067976
25.030153,121.570068,1706939068990
25.030148,121.570061,1706939069972
25.030144,121.570061,1706939070981
25.03014,121.570053,1706939071948
25.030136,121.570053,1706939072975
25.030132,121.570045,1706939073983
25.030128,121.570038,1706939074994
25.030128,121.57003,1706939075984
25.030128,121.570023,1706939076974
25.03013,121.570023,1706939077976
25.030132,121.570015,1706939078973
25.030138,121.570007,1706939079978
25.030142,121.57,1706939080948
25.030144,121.569992,1706939081925
25.030144,121.569992,1706939083112
25.030144,121.569984,1706939084040
25.030144,121.569984,1706939085079
25.030144,121.569984,1706939086094
25.030148,121.569984,1706939087090
25.030151,121.569992,1706939088074
25.030153,121.569984,1706939089084
25.030155,121.569984,1706939090083
25.030155,121.569977,1706939091085
25.030153,121.569977,1706939092113
25.030153,121.569984,1706939093084
25.030153,121.569984,1706939094040
25.030153,121.569992,1706939095078
25.030153,121.569992,1706939096081
25.030157,121.57,1706939097083
25.030161,121.570007,1706939098087
25.030167,121.570007,1706939099088
25.03017,121.570015,1706939100184
25.030174,121.570015,1706939101206
25.030178,121.570023,1706939102206
25.03018,121.57003,1706939103183
25.03018,121.57003,1706939104188
25.030178,121.570038,1706939105165
25.030174,121.570038,1706939106189
25.030169,121.570045,1706939107185
25.030163,121.570053,1706939108219
25.030157,121.570053,1706939109183
25.030149,121.570061,1706939110183
25.030144,121.570068,1706939111225
25.030142,121.570068,1706939112191
25.030138,121.570076,1706939113187
25.030134,121.570084,1706939114198
25.030128,121.570091,1706939115198
25.030125,121.570107,1706939116161
25.030119,121.570114,1706939117200
25.030111,121.570114,1706939118278
25.030107,121.570122,1706939119284
25.030107,121.570122,1706939120293
25.030107,121.570122,1706939121286
25.030107,121.570122,1706939122280
25.030106,121.570129,1706939123283
25.030104,121.570129,1706939124302
25.030104,121.570137,1706939125286
25.030104,121.570137,1706939126295
25.030104,121.570145,1706939127249
25.030102,121.570152,1706939128294
25.030106,121.570152,1706939129296
25.030107,121.570152,1706939130313
25.030107,121.57016,1706939131305
25.030109,121.570168,1706939132295
25.030109,121.570168,1706939133294
25.030111,121.570175,1706939134288
25.030111,121.570175,1706939135361
25.030113,121.570183,1706939136373
25.030115,121.570183,1706939137345
25.030113,121.57019,1706939138491
25.030115,121.57019,1706939139364
25.030115,121.57019,1706939140489
25.030117,121.570198,1706939141405
25.030119,121.570198,1706939142411
25.030121,121.570198,1706939143418
25.030123,121.570206,1706939144392
25.030121,121.570206,1706939145402
25.030121,121.570213,1706939146407
25.030117,121.570213,1706939147393
25.030113,121.570221,1706939148411
25.030109,121.570229,1706939149403
25.030107,121.570229,1706939150405
25.030106,121.570236,1706939151421
25.030102,121.570236,1706939152513
25.030096,121.570236,1706939153502
25.030092,121.570244,1706939154504
25.03009,121.570244,1706939155496
25.030087,121.570251,1706939156515
25.030085,121.570251,1706939157505
25.030081,121.570244,1706939158503
25.030077,121.570244,1706939159522
25.030073,121.570244,1706939160463
25.030069,121.570244,1706939161509
25.030067,121.570244,1706939162514
25.030066,121.570236,1706939163495
25.03006,121.570221,1706939164501
25.030056,121.570213,1706939165523
25.030052,121.570213,1706939166502
25.030048,121.570221,1706939167518
25.030043,121.570221,1706939168623
25.030035,121.570229,1706939169615
25.030027,121.570229,1706939170625
25.030022,121.570229,1706939171606
25.030018,121.570229,1706939172582
25.030014,121.570229,1706939173616
25.030003,121.570229,1706939174623
25.029997,121.570229,1706939175618
25.029993,121.570221,1706939176613
25.029993,121.570221,1706939177624
25.029989,121.570229,1706939178616
25.029987,121.570229,1706939179615
25.029978,121.570229,1706939180621
25.029972,121.570229,1706939181606
25.029966,121.570229,1706939182609
25.029959,121.570221,1706939183625
25.029949,121.570221,1706939184613
25.029943,121.570221,1706939185673
25.029938,121.570221,1706939186713
25.029934,121.570229,1706939187711
25.02993,121.570229,1706939188713
25.029924,121.570229,1706939189705
25.029917,121.570229,1706939190717
25.029911,121.570236,1706939191719
25.029907,121.570244,1706939192716
25.029905,121.570244,1706939193734
25.029903,121.570244,1706939194712
25.029902,121.570251,1706939195728
25.029898,121.570251,1706939196697
25.029896,121.570251,1706939197685
25.029896,121.570259,1706939198723
25.0299,121.570267,1706939199736
25.0299,121.570267,1706939200717
25.029902,121.570259,1706939201738
25.029902,121.570259,1706939202723
25.029902,121.570251,1706939203713
25.029902,121.570251,1706939204716
25.0299,121.570251,1706939205814
25.029896,121.570251,1706939206833
25.029894,121.570259,1706939207812
25.02989,121.570251,1706939208787
25.029882,121.570259,1706939209826
25.029871,121.570259,1706939210835
25.029865,121.570267,1706939211816
25.02986,121.570282,1706939212812
25.029852,121.57029,1706939213837
25.02984,121.570305,1706939214838
25.029837,121.570312,1706939215810
25.029833,121.57032,1706939216857
25.029831,121.57032,1706939217813
25.029831,121.57032,1706939218818
25.029833,121.570312,1706939219784
25.029835,121.570312,1706939220820
25.029835,121.570305,1706939221824
25.029837,121.570297,1706939222826
25.029837,121.570297,1706939223837
25.029839,121.570297,1706939224824
25.029839,121.570297,1706939225829
25.029839,121.570297,1706939226923
25.029839,121.570297,1706939227942
25.029839,121.570297,1706939228937
25.029839,121.570297,1706939229931
25.029839,121.570297,1706939230894
25.029839,121.570297,1706939232003
25.029839,121.570297,1706939232992
25.029839,121.570297,1706939233989
25.029839,121.570297,1706939235023
25.029839,121.570297,1706939236024
25.029839,121.570297,1706939237026
25.029839,121.570297,1706939238028
25.029839,121.570297,1706939239019
25.029839,121.570297,1706939240022
25.029837,121.570297,1706939241035
25.029837,121.570305,1706939242036
25.02984,121.570282,1706939242998
25.029844,121.570267,1706939244036
25.029848,121.570259,1706939245128
25.029854,121.570251,1706939246137
25.02986,121.570244,1706939247132
25.029861,121.570244,1706939248134
25.029863,121.570244,1706939249124
25.029867,121.570236,1706939250125
25.029871,121.570236,1706939251136
25.029873,121.570229,1706939252128
25.029879,121.570213,1706939253139
25.029881,121.570206,1706939254136
25.029881,121.570198,1706939255139
25.029882,121.57019,1706939256116
25.029884,121.570183,1706939257120
25.029886,121.570175,1706939258131
25.029886,121.570168,1706939259134
25.029886,121.57016,1706939260140
25.029884,121.570152,1706939261233
25.029882,121.570145,1706939262238
25.029882,121.570129,1706939263237
25.029882,121.570114,1706939264236
25.029881,121.570107,1706939265238
25.029877,121.570107,1706939266267
25.029875,121.570099,1706939267224
25.029873,121.570084,1706939268247
25.029873,121.570068,1706939269253
25.029873,121.570053,1706939270240
25.029873,121.570045,1706939271243
25.029871,121.570038,1706939272233
25.029871,121.570023,1706939273237
25.029869,121.570007,1706939274233
25.029871,121.570007,1706939275238
25.029871,121.569992,1706939276238
25.029871,121.569984,1706939277250
25.029869,121.569977,1706939278233
25.029871,121.569969,1706939279294
25.029873,121.569969,1706939280337
25.029873,121.569969,1706939281313
25.029873,121.569962,1706939282325
25.029869,121.569954,1706939283315
25.029867,121.569946,1706939284323
25.029865,121.569939,1706939285314
25.029863,121.569931,1706939286315
25.029861,121.569931,1706939287322
25.029854,121.569931,1706939288301
25.029848,121.569939,1706939289323
25.029846,121.569946,1706939290331
25.029844,121.569954,1706939291371
25.029846,121.569962,1706939292341
25.02985,121.569969,1706939293350
25.029856,121.569984,1706939294341
25.02986,121.569992,1706939295435
25.029869,121.569992,1706939296458
25.029871,121.57,1706939297445
25.029869,121.569992,1706939298444
25.029869,121.569992,1706939299440
25.029867,121.569992,1706939300442
25.029865,121.569992,1706939301440
25.029865,121.569992,1706939302419
25.029863,121.569992,1706939303438
25.029861,121.569992,1706939304460
25.029861,121.569992,1706939305446
25.029863,121.569992,1706939306455
25.029871,121.57,1706939307445
25.029877,121.57,1706939308453
25.029884,121.569992,1706939309459
25.029884,121.569992,1706939310458
25.029884,121.569992,1706939311550
25.029898,121.569977,1706939312538
25.029909,121.569962,1706939313559
25.029913,121.569946,1706939314555
25.029917,121.569931,1706939315558
25.029917,121.569916,1706939316554
25.029917,121.569908,1706939317527
25.029921,121.569901,1706939318552
25.02993,121.569901,1706939319549
25.029942,121.569908,1706939320563
25.029955,121.569916,1706939321557
25.029964,121.569916,1706939322552
25.029972,121.569931,1706939323554
25.029974,121.569939,1706939324557
25.029974,121.569946,1706939325557
25.029974,121.569954,1706939326554
25.029974,121.569954,1706939327556
25.029976,121.569962,1706939328656
25.029978,121.569962,1706939329622
25.02998,121.569962,1706939330675
25.02998,121.569969,1706939331671
25.029982,121.569969,1706939332660
25.029982,121.569969,1706939333654
25.029984,121.569969,1706939334665
25.029984,121.569969,1706939335672
25.029984,121.569969,1706939336659
25.029984,121.569969,1706939337656
25.029984,121.569969,1706939338659
25.029984,121.569969,1706939339662
25.029984,121.569969,1706939340668
25.029984,121.569969,1706939341664
25.029984,121.569969,1706939342641
25.029984,121.569969,1706939343665
25.029984,121.569969,1706939344658
25.029984,121.569969,1706939345665
25.029984,121.569969,1706939346663
25.029984,121.569969,1706939347673
25.029984,121.569969,1706939348754
25.029984,121.569969,1706939349769
25.029982,121.569977,1706939350756
25.02998,121.569984,1706939351760
25.02997,121.569992,1706939352762
25.029961,121.57,1706939353728
25.029955,121.570015,1706939354776
25.029949,121.570023,1706939355761
25.029945,121.570038,1706939356760
25.02994,121.570045,1706939357764
25.029921,121.570053,1706939358765
25.029911,121.570061,1706939359755
25.029903,121.570068,1706939360761
25.029902,121.570084,1706939361772
25.029898,121.570091,1706939362763
25.029894,121.570107,1706939363699
25.029884,121.570122,1706939364700
25.029871,121.570137,1706939365838
